gemeente;provincie;conclusie;open_regelingen;wacht_op_uitlezen
's-Gravenhage;Zuid-Holland;regeling;5;0
's-Hertogenbosch;Noord-Brabant;alleen_gesloten;0;0
Aa en Hunze;Drenthe;regeling;2;0
Aalsmeer;Noord-Holland;regeling;1;0
Aalten;Gelderland;regeling;2;0
Achtkarspelen;Fryslân;regeling;1;0
Alblasserdam;Zuid-Holland;regeling;1;0
Albrandswaard;Zuid-Holland;regeling;1;0
Alkmaar;Noord-Holland;regeling;3;0
Almelo;Overijssel;regeling;1;0
Almere;Flevoland;regeling;1;0
Alphen aan den Rijn;Zuid-Holland;regeling;1;0
Alphen-Chaam;Noord-Brabant;regeling;1;0
Altena;Noord-Brabant;regeling;1;0
Ameland;Fryslân;regeling;2;0
Amersfoort;Utrecht;regeling;1;0
Amstelveen;Noord-Holland;regeling;1;0
Amsterdam;Noord-Holland;regeling;1;0
Apeldoorn;Gelderland;regeling;1;0
Arnhem;Gelderland;regeling;5;0
Assen;Drenthe;regeling;2;0
Asten;Noord-Brabant;regeling;1;0
Baarle-Nassau;Noord-Brabant;regeling;1;0
Baarn;Utrecht;regeling;1;0
Barendrecht;Zuid-Holland;regeling;1;0
Barneveld;Gelderland;regeling;1;0
Beek;Limburg;regeling;2;0
Beekdaelen;Limburg;regeling;2;0
Beesel;Limburg;regeling;3;0
Berg en Dal;Gelderland;regeling;2;0
Bergeijk;Noord-Brabant;regeling;1;0
Bergen (L);Limburg;regeling;2;0
Bergen (NH);Noord-Holland;regeling;1;0
Bergen op Zoom;Noord-Brabant;geen_regeling;0;0
Berkelland;Gelderland;regeling;2;0
Bernheze;Noord-Brabant;regeling;1;0
Best;Noord-Brabant;regeling;3;0
Beuningen;Gelderland;regeling;2;0
Beverwijk;Noord-Holland;regeling;1;0
Bladel;Noord-Brabant;regeling;1;0
Blaricum;Noord-Holland;regeling;1;0
Bloemendaal;Noord-Holland;regeling;1;0
Bodegraven-Reeuwijk;Zuid-Holland;regeling;2;0
Boekel;Noord-Brabant;regeling;1;0
Borger-Odoorn;Drenthe;regeling;2;0
Borne;Overijssel;regeling;1;0
Borsele;Zeeland;regeling;2;0
Boxtel;Noord-Brabant;regeling;2;0
Breda;Noord-Brabant;regeling;1;0
Bronckhorst;Gelderland;regeling;3;0
Brummen;Gelderland;regeling;2;0
Brunssum;Limburg;regeling;2;0
Bunnik;Utrecht;regeling;2;0
Bunschoten;Utrecht;regeling;3;0
Buren;Gelderland;regeling;1;0
Capelle aan den IJssel;Zuid-Holland;regeling;1;0
Castricum;Noord-Holland;regeling;2;0
Coevorden;Drenthe;regeling;1;0
Cranendonck;Noord-Brabant;regeling;1;0
Culemborg;Gelderland;regeling;2;0
Dalfsen;Overijssel;regeling;1;0
Dantumadiel;Fryslân;regeling;1;0
De Bilt;Utrecht;regeling;2;0
De Fryske Marren;Fryslân;regeling;1;0
De Ronde Venen;Utrecht;regeling;1;0
De Wolden;Drenthe;regeling;2;0
Delft;Zuid-Holland;regeling;2;0
Den Helder;Noord-Holland;regeling;1;0
Deurne;Noord-Brabant;geen_regeling;0;0
Deventer;Overijssel;regeling;2;0
Diemen;Noord-Holland;regeling;1;0
Dijk en Waard;Noord-Holland;regeling;3;0
Dinkelland;Overijssel;regeling;2;0
Doesburg;Gelderland;regeling;5;0
Doetinchem;Gelderland;regeling;4;0
Dongen;Noord-Brabant;regeling;1;0
Dordrecht;Zuid-Holland;regeling;4;0
Drechterland;Noord-Holland;regeling;1;0
Drimmelen;Noord-Brabant;regeling;1;0
Dronten;Flevoland;regeling;2;0
Druten;Gelderland;regeling;2;0
Duiven;Gelderland;regeling;1;0
Echt-Susteren;Limburg;regeling;1;0
Edam-Volendam;Noord-Holland;alleen_gesloten;0;0
Ede;Gelderland;regeling;2;0
Eemnes;Utrecht;regeling;2;0
Eemsdelta;Groningen;regeling;2;0
Eersel;Noord-Brabant;regeling;1;0
Eijsden-Margraten;Limburg;geen_regeling;0;0
Eindhoven;Noord-Brabant;regeling;2;0
Elburg;Gelderland;geen_regeling;0;0
Emmen;Drenthe;regeling;2;0
Enkhuizen;Noord-Holland;regeling;1;0
Enschede;Overijssel;regeling;1;0
Epe;Gelderland;regeling;1;0
Ermelo;Gelderland;regeling;1;0
Etten-Leur;Noord-Brabant;regeling;1;0
Geertruidenberg;Noord-Brabant;alleen_gesloten;0;0
Geldrop-Mierlo;Noord-Brabant;regeling;1;0
Gemert-Bakel;Noord-Brabant;regeling;2;0
Gennep;Limburg;regeling;1;0
Gilze en Rijen;Noord-Brabant;regeling;1;0
Goeree-Overflakkee;Zuid-Holland;regeling;2;0
Goes;Zeeland;regeling;1;0
Goirle;Noord-Brabant;regeling;1;0
Gooise Meren;Noord-Holland;regeling;1;0
Gorinchem;Zuid-Holland;regeling;1;0
Gouda;Zuid-Holland;regeling;1;0
Groningen;Groningen;geen_regeling;0;0
Gulpen-Wittem;Limburg;regeling;2;0
Haaksbergen;Overijssel;regeling;1;0
Haarlem;Noord-Holland;regeling;1;0
Haarlemmermeer;Noord-Holland;regeling;1;0
Halderberge;Noord-Brabant;regeling;1;0
Hardenberg;Overijssel;regeling;1;0
Harderwijk;Gelderland;regeling;1;0
Hardinxveld-Giessendam;Zuid-Holland;regeling;1;0
Harlingen;Fryslân;regeling;1;0
Hattem;Gelderland;regeling;1;0
Heemskerk;Noord-Holland;regeling;1;0
Heemstede;Noord-Holland;regeling;1;0
Heerde;Gelderland;regeling;1;0
Heerenveen;Fryslân;regeling;1;0
Heerlen;Limburg;regeling;3;0
Heeze-Leende;Noord-Brabant;regeling;1;0
Heiloo;Noord-Holland;regeling;1;0
Hellendoorn;Overijssel;regeling;1;0
Helmond;Noord-Brabant;regeling;2;0
Hendrik-Ido-Ambacht;Zuid-Holland;regeling;1;0
Hengelo (O);Overijssel;regeling;2;0
Het Hogeland;Groningen;regeling;1;0
Heumen;Gelderland;regeling;1;0
Heusden;Noord-Brabant;regeling;4;0
Hillegom;Zuid-Holland;regeling;1;0
Hilvarenbeek;Noord-Brabant;regeling;2;0
Hilversum;Noord-Holland;regeling;1;0
Hoeksche Waard;Zuid-Holland;regeling;1;0
Hof van Twente;Overijssel;regeling;1;0
Hollands Kroon;Noord-Holland;regeling;1;0
Hoogeveen;Drenthe;regeling;1;0
Hoorn;Noord-Holland;regeling;3;0
Horst aan de Maas;Limburg;regeling;1;0
Houten;Utrecht;regeling;1;0
Huizen;Noord-Holland;regeling;4;0
Hulst;Zeeland;regeling;2;0
IJsselstein;Utrecht;regeling;1;0
Kaag en Braassem;Zuid-Holland;regeling;1;0
Kampen;Overijssel;regeling;1;0
Kapelle;Zeeland;regeling;2;0
Katwijk;Zuid-Holland;regeling;2;0
Kerkrade;Limburg;regeling;2;0
Koggenland;Noord-Holland;alleen_gesloten;0;0
Krimpen aan den IJssel;Zuid-Holland;regeling;1;0
Krimpenerwaard;Zuid-Holland;regeling;1;0
Laarbeek;Noord-Brabant;regeling;1;0
Land van Cuijk;Noord-Brabant;regeling;3;0
Landgraaf;Limburg;regeling;1;0
Landsmeer;Noord-Holland;regeling;1;0
Lansingerland;Zuid-Holland;regeling;1;0
Laren;Noord-Holland;regeling;1;0
Leeuwarden;Fryslân;regeling;3;0
Leiden;Zuid-Holland;regeling;1;0
Leiderdorp;Zuid-Holland;regeling;1;0
Leidschendam-Voorburg;Zuid-Holland;regeling;3;0
Lelystad;Flevoland;regeling;2;0
Leudal;Limburg;regeling;2;0
Leusden;Utrecht;regeling;1;0
Lingewaard;Gelderland;regeling;1;0
Lisse;Zuid-Holland;regeling;2;0
Lochem;Gelderland;regeling;2;0
Loon op Zand;Noord-Brabant;regeling;1;0
Lopik;Utrecht;geen_regeling;0;0
Losser;Overijssel;regeling;1;0
Maasdriel;Gelderland;alleen_gesloten;0;0
Maasgouw;Limburg;regeling;1;0
Maashorst;Noord-Brabant;regeling;1;0
Maassluis;Zuid-Holland;regeling;1;0
Maastricht;Limburg;regeling;4;0
Medemblik;Noord-Holland;regeling;1;0
Meerssen;Limburg;geen_regeling;0;0
Meierijstad;Noord-Brabant;geen_regeling;0;0
Meppel;Drenthe;regeling;2;0
Middelburg;Zeeland;regeling;3;0
Midden-Delfland;Zuid-Holland;regeling;1;0
Midden-Drenthe;Drenthe;regeling;1;0
Midden-Groningen;Groningen;regeling;1;0
Moerdijk;Noord-Brabant;regeling;1;0
Molenlanden;Zuid-Holland;regeling;1;0
Montferland;Gelderland;regeling;2;0
Montfoort;Utrecht;regeling;1;0
Mook en Middelaar;Limburg;regeling;1;0
Neder-Betuwe;Gelderland;regeling;2;0
Nederweert;Limburg;alleen_gesloten;0;0
Nieuwegein;Utrecht;regeling;2;0
Nieuwkoop;Zuid-Holland;regeling;1;0
Nijkerk;Gelderland;regeling;1;0
Nijmegen;Gelderland;regeling;4;0
Nissewaard;Zuid-Holland;regeling;1;0
Noardeast-Fryslân;Fryslân;regeling;1;0
Noord-Beveland;Zeeland;regeling;1;0
Noordenveld;Drenthe;geen_regeling;0;0
Noordoostpolder;Flevoland;regeling;1;0
Noordwijk;Zuid-Holland;regeling;1;0
Nuenen, Gerwen en Nederwetten;Noord-Brabant;regeling;1;0
Nunspeet;Gelderland;regeling;1;0
Oegstgeest;Zuid-Holland;regeling;1;0
Oirschot;Noord-Brabant;regeling;1;0
Oisterwijk;Noord-Brabant;regeling;1;0
Oldambt;Groningen;regeling;1;0
Oldebroek;Gelderland;regeling;2;0
Oldenzaal;Overijssel;regeling;2;0
Olst-Wijhe;Overijssel;regeling;1;0
Ommen;Overijssel;regeling;1;0
Oost Gelre;Gelderland;regeling;2;0
Oosterhout;Noord-Brabant;regeling;1;0
Ooststellingwerf;Fryslân;regeling;1;0
Oostzaan;Noord-Holland;regeling;1;0
Opmeer;Noord-Holland;alleen_gesloten;0;0
Opsterland;Fryslân;regeling;2;0
Oss;Noord-Brabant;regeling;1;0
Oude IJsselstreek;Gelderland;regeling;4;0
Ouder-Amstel;Noord-Holland;regeling;1;0
Oudewater;Utrecht;regeling;3;0
Overbetuwe;Gelderland;regeling;2;0
Papendrecht;Zuid-Holland;regeling;1;0
Peel en Maas;Limburg;regeling;1;0
Pekela;Groningen;regeling;3;0
Pijnacker-Nootdorp;Zuid-Holland;regeling;1;0
Purmerend;Noord-Holland;regeling;1;0
Putten;Gelderland;regeling;3;0
Raalte;Overijssel;regeling;1;0
Reimerswaal;Zeeland;regeling;2;0
Renkum;Gelderland;regeling;1;0
Renswoude;Utrecht;regeling;1;0
Reusel-De Mierden;Noord-Brabant;regeling;2;0
Rheden;Gelderland;regeling;1;0
Rhenen;Utrecht;regeling;1;0
Ridderkerk;Zuid-Holland;regeling;2;0
Rijssen-Holten;Overijssel;regeling;1;0
Rijswijk;Zuid-Holland;regeling;1;0
Roerdalen;Limburg;regeling;1;0
Roermond;Limburg;regeling;1;0
Roosendaal;Noord-Brabant;regeling;1;0
Rotterdam;Zuid-Holland;regeling;1;0
Rozendaal;Gelderland;regeling;1;0
Rucphen;Noord-Brabant;geen_regeling;0;0
Schagen;Noord-Holland;regeling;1;0
Scherpenzeel;Gelderland;regeling;2;0
Schiedam;Zuid-Holland;regeling;2;0
Schiermonnikoog;Fryslân;regeling;1;0
Schouwen-Duiveland;Zeeland;regeling;3;0
Simpelveld;Limburg;regeling;2;0
Sint-Michielsgestel;Noord-Brabant;regeling;2;0
Sittard-Geleen;Limburg;regeling;1;0
Sliedrecht;Zuid-Holland;regeling;1;0
Sluis;Zeeland;regeling;4;0
Smallingerland;Fryslân;regeling;1;0
Soest;Utrecht;regeling;2;0
Someren;Noord-Brabant;regeling;1;0
Son en Breugel;Noord-Brabant;geen_regeling;0;0
Stadskanaal;Groningen;regeling;1;0
Staphorst;Overijssel;regeling;3;0
Stede Broec;Noord-Holland;regeling;1;0
Steenbergen;Noord-Brabant;regeling;1;0
Steenwijkerland;Overijssel;regeling;1;0
Stein;Limburg;regeling;1;0
Stichtse Vecht;Utrecht;regeling;1;0
Súdwest-Fryslân;Fryslân;regeling;1;0
Terneuzen;Zeeland;regeling;3;0
Terschelling;Fryslân;regeling;2;0
Texel;Noord-Holland;regeling;1;0
Teylingen;Zuid-Holland;regeling;1;0
Tholen;Zeeland;regeling;2;0
Tiel;Gelderland;regeling;6;0
Tilburg;Noord-Brabant;regeling;1;0
Tubbergen;Overijssel;regeling;1;0
Twenterand;Overijssel;regeling;4;0
Tynaarlo;Drenthe;geen_regeling;0;0
Tytsjerksteradiel;Fryslân;regeling;1;0
Uitgeest;Noord-Holland;regeling;1;0
Uithoorn;Noord-Holland;regeling;1;0
Urk;Flevoland;regeling;1;0
Utrecht;Utrecht;regeling;11;0
Utrechtse Heuvelrug;Utrecht;regeling;2;0
Vaals;Limburg;regeling;2;0
Valkenburg aan de Geul;Limburg;regeling;1;0
Valkenswaard;Noord-Brabant;regeling;1;0
Veendam;Groningen;regeling;1;0
Veenendaal;Utrecht;regeling;1;0
Veere;Zeeland;regeling;4;0
Veldhoven;Noord-Brabant;regeling;2;0
Velsen;Noord-Holland;regeling;1;0
Venlo;Limburg;regeling;1;0
Venray;Limburg;regeling;1;0
Vijfheerenlanden;Utrecht;regeling;3;0
Vlaardingen;Zuid-Holland;regeling;1;0
Vlieland;Fryslân;regeling;1;0
Vlissingen;Zeeland;regeling;1;0
Voerendaal;Limburg;regeling;2;0
Voorne aan Zee;Zuid-Holland;regeling;1;0
Voorschoten;Zuid-Holland;alleen_gesloten;0;0
Voorst;Gelderland;regeling;2;0
Vught;Noord-Brabant;regeling;1;0
Waadhoeke;Fryslân;regeling;1;0
Waalre;Noord-Brabant;regeling;1;0
Waalwijk;Noord-Brabant;regeling;1;0
Waddinxveen;Zuid-Holland;regeling;1;0
Wageningen;Gelderland;regeling;2;0
Wassenaar;Zuid-Holland;regeling;1;1
Waterland;Noord-Holland;regeling;1;0
Weert;Limburg;regeling;1;0
West Betuwe;Gelderland;regeling;1;0
West Maas en Waal;Gelderland;regeling;2;0
Westerkwartier;Groningen;regeling;1;0
Westerveld;Drenthe;alleen_gesloten;0;0
Westervoort;Gelderland;regeling;1;0
Westerwolde;Groningen;regeling;1;0
Westland;Zuid-Holland;regeling;1;0
Weststellingwerf;Fryslân;regeling;1;0
Wierden;Overijssel;regeling;1;0
Wijchen;Gelderland;regeling;2;0
Wijdemeren;Noord-Holland;regeling;2;0
Wijk bij Duurstede;Utrecht;regeling;1;0
Winterswijk;Gelderland;regeling;1;0
Woensdrecht;Noord-Brabant;regeling;1;0
Woerden;Utrecht;regeling;3;0
Wormerland;Noord-Holland;regeling;1;0
Woudenberg;Utrecht;regeling;2;0
Zaanstad;Noord-Holland;regeling;1;0
Zaltbommel;Gelderland;regeling;2;0
Zandvoort;Noord-Holland;regeling;2;0
Zeewolde;Flevoland;regeling;1;0
Zeist;Utrecht;regeling;2;0
Zevenaar;Gelderland;regeling;3;0
Zoetermeer;Zuid-Holland;regeling;2;0
Zoeterwoude;Zuid-Holland;regeling;1;0
Zuidplas;Zuid-Holland;regeling;2;0
Zundert;Noord-Brabant;regeling;2;0
Zutphen;Gelderland;regeling;3;0
Zwartewaterland;Overijssel;regeling;3;0
Zwijndrecht;Zuid-Holland;regeling;1;0
Zwolle;Overijssel;regeling;1;1
